"rank","title","rating","start_year","end_year","episodes","scrape_date","title_id"
1,"Severance",8.7,2022,0,19,2025-02-21,NA
2,"Paradise",7.9,2025,0,9,2025-02-21,NA
3,"Apple Cider Vinegar",7.2,2025,2025,6,2025-02-21,NA
4,"Invincible",8.6,2021,0,25,2025-02-21,NA
5,"The White Lotus",8,2021,0,22,2025-02-21,NA
6,"Cobra Kai",8.4,2018,2025,65,2025-02-21,NA
7,"The Night Agent",7.5,2023,0,21,2025-02-21,NA
8,"Yellowstone",8.6,2018,2024,53,2025-02-21,NA
9,"High Potential",7.6,2024,0,14,2025-02-21,NA
10,"Dexter: Original Sin",8.3,2024,0,10,2025-02-21,NA
11,"The Recruit",7.4,2022,0,14,2025-02-21,NA
12,"Game of Thrones",9.2,2011,2019,74,2025-02-21,NA
13,"Yellowjackets",7.8,2021,0,29,2025-02-21,NA
14,"The Åre Murders",6.7,2025,0,5,2025-02-21,NA
15,"Dexter",8.6,2006,2013,96,2025-02-21,NA
16,"The Rookie",8,2018,0,118,2025-02-21,NA
17,"Solo Leveling",8.4,2024,0,21,2025-02-21,NA
18,"The Pitt",8.4,2025,0,16,2025-02-21,NA
19,"Squid Game",8,2021,2025,18,2025-02-21,NA
20,"American Primeval",8.1,2025,2025,6,2025-02-21,NA
21,"Cassandra",6.6,2025,2025,6,2025-02-21,NA
22,"Breaking Bad",9.5,2008,2013,62,2025-02-21,NA
23,"Silo",8.1,2023,0,22,2025-02-21,NA
24,"Unforgotten",8.4,2015,0,36,2025-02-21,NA
25,"Landman",8.2,2024,0,10,2025-02-21,NA
1,"The White Lotus",8,2021,0,22,2025-02-24,NA
2,"Severance",8.7,2022,0,19,2025-02-24,NA
3,"Reacher",8,2022,0,25,2025-02-24,NA
4,"Cobra Kai",8.4,2018,2025,65,2025-02-24,NA
5,"Zero Day",7,2025,2025,6,2025-02-24,NA
6,"Paradise",7.9,2025,0,9,2025-02-24,NA
7,"Yellowjackets",7.8,2021,0,29,2025-02-24,NA
8,"Invincible",8.6,2021,0,25,2025-02-24,NA
9,"Yellowstone",8.6,2018,2024,53,2025-02-24,NA
10,"Apple Cider Vinegar",7.2,2025,2025,6,2025-02-24,NA
11,"The Night Agent",7.5,2023,0,21,2025-02-24,NA
12,"Game of Thrones",9.2,2011,2019,74,2025-02-24,NA
13,"Dexter: Original Sin",8.3,2024,0,10,2025-02-24,NA
14,"High Potential",7.6,2024,0,14,2025-02-24,NA
15,"The Pitt",8.4,2025,0,16,2025-02-24,NA
16,"The Rookie",8,2018,0,118,2025-02-24,NA
17,"Dexter",8.6,2006,2013,96,2025-02-24,NA
18,"Breaking Bad",9.5,2008,2013,62,2025-02-24,NA
19,"1923",8.3,2022,2025,15,2025-02-24,NA
20,"Squid Game",8,2021,2025,18,2025-02-24,NA
21,"The Day of the Jackal",8.2,2024,0,11,2025-02-24,NA
22,"Silo",8.1,2023,0,22,2025-02-24,NA
23,"Landman",8.2,2024,0,10,2025-02-24,NA
24,"Your Friendly Neighborhood Spider-Man",7.3,2025,0,11,2025-02-24,NA
25,"Solo Leveling",8.4,2024,0,22,2025-02-24,NA
1,"The White Lotus",8,2021,0,22,2025-03-06,NA
2,"Zero Day",7,2025,2025,6,2025-03-06,NA
3,"Severance",8.7,2022,0,20,2025-03-06,NA
4,"Reacher",8,2022,0,25,2025-03-06,NA
5,"Paradise",8,2025,0,9,2025-03-06,NA
6,"1923",8.3,2022,2025,16,2025-03-06,NA
7,"A Thousand Blows",7.5,2024,0,12,2025-03-06,NA
8,"Invincible",8.6,2021,0,25,2025-03-06,NA
9,"Yellowjackets",7.7,2021,0,29,2025-03-06,NA
10,"Suits LA",5.5,2025,0,13,2025-03-06,NA
11,"Yellowstone",8.6,2018,2024,53,2025-03-06,NA
12,"The Pitt",8.5,2025,0,16,2025-03-06,NA
13,"Cobra Kai",8.4,2018,2025,65,2025-03-06,NA
14,"Game of Thrones",9.2,2011,2019,74,2025-03-06,NA
15,"The Rookie",8,2018,0,118,2025-03-06,NA
16,"Toxic Town",7.7,2025,2025,4,2025-03-06,NA
17,"Solo Leveling",8.4,2024,0,23,2025-03-06,NA
18,"Running Point",7.5,2025,0,11,2025-03-06,NA
19,"Dexter",8.6,2006,2013,96,2025-03-06,NA
20,"Breaking Bad",9.5,2008,2013,62,2025-03-06,NA
21,"The Jewel of Section E",6.5,2025,0,16,2025-03-06,NA
22,"High Potential",7.6,2024,0,14,2025-03-06,NA
23,"The Night Agent",7.5,2023,0,21,2025-03-06,NA
24,"Buffy the Vampire Slayer",8.3,1997,2003,145,2025-03-06,NA
25,"Andor",8.4,2022,2025,24,2025-03-06,NA
1,"The White Lotus",8,2021,0,22,2025-03-13,NA
2,"Daredevil: Born Again",8.8,2025,0,17,2025-03-13,NA
3,"Severance",8.7,2022,0,20,2025-03-13,NA
4,"Paradise",8,2025,0,9,2025-03-13,NA
5,"Invincible",8.7,2021,0,25,2025-03-13,NA
6,"Reacher",8,2022,0,25,2025-03-13,NA
7,"Running Point",7.5,2025,0,11,2025-03-13,NA
8,"Zero Day",7,2025,2025,6,2025-03-13,NA
9,"Toxic Town",7.6,2025,2025,4,2025-03-13,NA
10,"1923",8.3,2022,2025,16,2025-03-13,NA
11,"Daredevil",8.6,2015,2018,39,2025-03-13,NA
12,"The Pitt",8.6,2025,0,16,2025-03-13,NA
13,"Yellowjackets",7.7,2021,0,29,2025-03-13,NA
14,"Yellowstone",8.6,2018,2024,53,2025-03-13,NA
15,"Game of Thrones",9.2,2011,2019,74,2025-03-13,NA
16,"The Rookie",8,2018,0,120,2025-03-13,NA
17,"House of David",6.9,2025,0,8,2025-03-13,NA
18,"A Thousand Blows",7.4,2024,0,12,2025-03-13,NA
19,"Suits LA",5.5,2025,0,13,2025-03-13,NA
20,"Dexter",8.6,2006,2013,96,2025-03-13,NA
21,"Breaking Bad",9.5,2008,2013,62,2025-03-13,NA
22,"Solo Leveling",8.4,2024,0,24,2025-03-13,NA
23,"Cobra Kai",8.4,2018,2025,65,2025-03-13,NA
24,"Towards Zero",6.2,2025,2025,3,2025-03-13,NA
25,"High Potential",7.6,2024,0,14,2025-03-13,NA
1,"The White Lotus",8,2021,0,22,2025-03-18,NA
2,"Invincible",8.7,2021,0,25,2025-03-18,NA
3,"Severance",8.7,2022,0,20,2025-03-18,NA
4,"Daredevil: Born Again",8.8,2025,0,17,2025-03-18,NA
5,"Reacher",8,2022,0,25,2025-03-18,NA
6,"Paradise",8,2025,0,9,2025-03-18,NA
7,"Adolescence",8.4,2025,2025,4,2025-03-18,NA
8,"Running Point",7.4,2025,0,11,2025-03-18,NA
9,"The Last of Us",8.7,2023,0,16,2025-03-18,NA
10,"1923",8.3,2022,2025,16,2025-03-18,NA
11,"The Righteous Gemstones",8.1,2019,2025,36,2025-03-18,NA
12,"The Pitt",8.6,2025,0,16,2025-03-18,NA
13,"Zero Day",7,2025,2025,6,2025-03-18,NA
14,"The Wheel of Time",7.2,2021,0,24,2025-03-18,NA
15,"Yellowjackets",7.7,2021,0,29,2025-03-18,NA
16,"Daredevil",8.6,2015,2018,39,2025-03-18,NA
17,"Yellowstone",8.6,2018,2024,53,2025-03-18,NA
18,"The Rookie",8,2018,0,120,2025-03-18,NA
19,"Game of Thrones",9.2,2011,2019,74,2025-03-18,NA
20,"Breaking Bad",9.5,2008,2013,62,2025-03-18,NA
21,"Toxic Town",7.6,2025,2025,4,2025-03-18,NA
22,"Solo Leveling",8.5,2024,0,25,2025-03-18,NA
23,"Dexter",8.6,2006,2013,96,2025-03-18,NA
24,"Dark Winds",7.7,2022,0,21,2025-03-18,NA
25,"Black Mirror",8.7,2011,0,33,2025-03-18,NA
1,"Adolescence",8.4,2025,2025,4,2025-03-24,NA
2,"The White Lotus",8,2021,0,22,2025-03-24,NA
3,"Severance",8.7,2022,0,20,2025-03-24,NA
4,"Invincible",8.7,2021,0,25,2025-03-24,NA
5,"Daredevil: Born Again",8.7,2025,0,17,2025-03-24,NA
6,"Reacher",8,2022,0,25,2025-03-24,NA
7,"The Wheel of Time",7.2,2021,0,24,2025-03-24,NA
8,"1923",8.3,2022,2025,16,2025-03-24,NA
9,"The Pitt",8.7,2025,0,16,2025-03-24,NA
10,"Solo Leveling",8.5,2024,0,26,2025-03-24,NA
11,"The Residence",7.8,2025,2025,8,2025-03-24,NA
12,"Paradise",8,2025,0,9,2025-03-24,NA
13,"The Righteous Gemstones",8.1,2019,2025,36,2025-03-24,NA
14,"Yellowstone",8.6,2018,2024,53,2025-03-24,NA
15,"Yellowjackets",7.7,2021,0,29,2025-03-24,NA
16,"Game of Thrones",9.2,2011,2019,74,2025-03-24,NA
17,"Long Bright River",7.1,2025,2025,8,2025-03-24,NA
18,"The Rookie",8,2018,0,121,2025-03-24,NA
19,"Running Point",7.4,2025,0,11,2025-03-24,NA
20,"Breaking Bad",9.5,2008,2013,62,2025-03-24,NA
21,"Zero Day",7,2025,2025,6,2025-03-24,NA
22,"The Last of Us",8.7,2023,0,16,2025-03-24,NA
23,"Dope Thief",7.5,2025,0,8,2025-03-24,NA
24,"Black Mirror",8.7,2011,0,33,2025-03-24,NA
25,"Daredevil",8.6,2015,2018,39,2025-03-24,NA
1,"Adolescence",8.3,2025,2025,4,2025-04-02,NA
2,"The White Lotus",8,2021,0,22,2025-04-02,NA
3,"Severance",8.7,2022,0,20,2025-04-02,NA
4,"The Residence",7.8,2025,2025,8,2025-04-02,NA
5,"Daredevil: Born Again",8.6,2025,0,17,2025-04-02,NA
6,"Reacher",8,2022,0,25,2025-04-02,NA
7,"Solo Leveling",8.6,2024,0,26,2025-04-02,NA
8,"Invincible",8.7,2021,0,25,2025-04-02,NA
9,"The Pitt",8.8,2025,0,16,2025-04-02,NA
10,"1923",8.3,2022,2025,15,2025-04-02,NA
11,"The Studio",8,2025,0,10,2025-04-02,NA
12,"The Wheel of Time",7.2,2021,0,24,2025-04-02,NA
13,"Good American Family",5.8,2025,2025,8,2025-04-02,NA
14,"Yellowjackets",7.7,2021,0,29,2025-04-02,NA
15,"The Righteous Gemstones",8.1,2019,2025,36,2025-04-02,NA
16,"Game of Thrones",9.2,2011,2019,74,2025-04-02,NA
17,"This City Is Ours",8.2,2025,0,8,2025-04-02,NA
18,"Yellowstone",8.6,2018,2024,53,2025-04-02,NA
19,"The Rookie",8,2018,0,126,2025-04-02,NA
20,"Paradise",8,2025,0,9,2025-04-02,NA
21,"Ludwig",8.1,2024,0,6,2025-04-02,NA
22,"Breaking Bad",9.5,2008,2013,62,2025-04-02,NA
23,"The Last of Us",8.7,2023,0,16,2025-04-02,NA
24,"Happy Face",6.4,2025,2025,8,2025-04-02,NA
25,"Gangs of London",8,2020,0,25,2025-04-02,NA
1,"The White Lotus",8,2021,0,22,2025-04-11,NA
2,"Adolescence",8.3,2025,2025,4,2025-04-11,NA
3,"MobLand",8.2,2025,0,10,2025-04-11,NA
4,"Severance",8.7,2022,0,20,2025-04-11,NA
5,"Daredevil: Born Again",8.5,2025,0,17,2025-04-11,NA
6,"The Residence",7.8,2025,2025,8,2025-04-11,NA
7,"1923",8.3,2022,2025,15,2025-04-11,NA
8,"The Pitt",8.8,2025,0,16,2025-04-11,NA
9,"Reacher",8,2022,0,25,2025-04-11,NA
10,"The Studio",8.1,2025,0,10,2025-04-11,NA
11,"The Bondsman",7.2,2025,0,8,2025-04-11,NA
12,"The Wheel of Time",7.2,2021,0,24,2025-04-11,NA
13,"Invincible",8.7,2021,0,25,2025-04-11,NA
14,"Yellowjackets",7.7,2021,0,29,2025-04-11,NA
15,"Mid-Century Modern",7.6,2025,0,10,2025-04-11,NA
16,"The Righteous Gemstones",8.1,2019,2025,36,2025-04-11,NA
17,"Black Mirror",8.7,2011,0,33,2025-04-11,NA
18,"Solo Leveling",8.6,2024,0,26,2025-04-11,NA
19,"Good American Family",5.8,2025,2025,8,2025-04-11,NA
20,"Game of Thrones",9.2,2011,2019,74,2025-04-11,NA
21,"The Rookie",8,2018,0,144,2025-04-11,NA
22,"The Last of Us",8.7,2023,0,17,2025-04-11,NA
23,"Bosch: Legacy",8.4,2022,2025,30,2025-04-11,NA
24,"Devil May Cry",7.6,2025,0,8,2025-04-11,NA
25,"Yellowstone",8.6,2018,2024,53,2025-04-11,NA
1,"The White Lotus",8,2021,0,22,2025-04-16,NA
2,"Black Mirror",8.7,2011,0,33,2025-04-16,NA
3,"1923",8.3,2022,2025,15,2025-04-16,NA
4,"The Pitt",8.9,2025,0,16,2025-04-16,NA
5,"Daredevil: Born Again",8.5,2025,0,17,2025-04-16,NA
6,"MobLand",8.2,2025,0,10,2025-04-16,NA
7,"Adolescence",8.2,2025,2025,4,2025-04-16,NA
8,"The Last of Us",8.7,2023,0,17,2025-04-16,NA
9,"Severance",8.7,2022,0,20,2025-04-16,NA
10,"The Bondsman",7.2,2025,0,8,2025-04-16,NA
11,"The Handmaid's Tale",8.3,2017,2025,66,2025-04-16,NA
12,"Pulse",6.4,2025,0,10,2025-04-16,NA
13,"The Residence",7.8,2025,2025,8,2025-04-16,NA
14,"Devil May Cry",7.5,2025,0,9,2025-04-16,NA
15,"The Wheel of Time",7.2,2021,0,24,2025-04-16,NA
16,"Yellowjackets",7.7,2021,0,29,2025-04-16,NA
17,"Dying for Sex",7.4,2025,2025,8,2025-04-16,NA
18,"Game of Thrones",9.2,2011,2019,74,2025-04-16,NA
19,"Reacher",8,2022,0,25,2025-04-16,NA
20,"The Righteous Gemstones",8.1,2019,2025,36,2025-04-16,NA
21,"The Rookie",8,2018,0,144,2025-04-16,NA
22,"The Studio",8.1,2025,0,10,2025-04-16,NA
23,"Yellowstone",8.6,2018,2024,53,2025-04-16,NA
24,"Invincible",8.7,2021,0,25,2025-04-16,NA
25,"Good American Family",6,2025,2025,8,2025-04-16,NA
1,"Black Mirror",8.7,2011,0,33,2025-04-22,NA
2,"The Last of Us",8.7,2023,0,17,2025-04-22,NA
3,"The White Lotus",8,2021,0,22,2025-04-22,NA
4,"Daredevil: Born Again",8.3,2025,0,17,2025-04-22,NA
5,"The Pitt",8.9,2025,0,16,2025-04-22,NA
6,"MobLand",8.3,2025,0,10,2025-04-22,NA
7,"Your Friends & Neighbors",7.8,2025,0,10,2025-04-22,NA
8,"The Handmaid's Tale",8.3,2017,2025,66,2025-04-22,NA
9,"Severance",8.7,2022,0,20,2025-04-22,NA
10,"The Wheel of Time",7.2,2021,0,24,2025-04-22,NA
11,"1923",8.3,2022,2025,15,2025-04-22,NA
12,"Adolescence",8.2,2025,2025,4,2025-04-22,NA
13,"Ransom Canyon",6.9,2025,0,10,2025-04-22,NA
14,"The Righteous Gemstones",8.1,2019,2025,36,2025-04-22,NA
15,"Game of Thrones",9.2,2011,2019,74,2025-04-22,NA
16,"The Residence",7.8,2025,2025,8,2025-04-22,NA
17,"The Rookie",8,2018,0,144,2025-04-22,NA
18,"Yellowjackets",7.7,2021,0,29,2025-04-22,NA
19,"Good American Family",6.1,2025,2025,8,2025-04-22,NA
20,"Bosch: Legacy",8.4,2022,2025,30,2025-04-22,NA
21,"The Studio",8,2025,0,10,2025-04-22,NA
22,"Yellowstone",8.6,2018,2024,53,2025-04-22,NA
23,"The Bondsman",7.1,2025,0,8,2025-04-22,NA
24,"9-1-1",7.9,2018,0,142,2025-04-22,NA
25,"Reacher",8,2022,0,25,2025-04-22,NA
1,"The Last of Us",8.7,2023,0,17,2025-04-28,NA
2,"Black Mirror",8.7,2011,0,33,2025-04-28,NA
3,"Andor",8.4,2022,2025,24,2025-04-28,NA
4,"You",7.7,2018,2025,50,2025-04-28,NA
5,"The White Lotus",8,2021,0,22,2025-04-28,NA
6,"Ransom Canyon",6.8,2025,0,10,2025-04-28,NA
7,"MobLand",8.3,2025,0,10,2025-04-28,NA
8,"The Pitt",8.9,2025,0,16,2025-04-28,NA
9,"Daredevil: Born Again",8.2,2025,0,17,2025-04-28,NA
10,"The Handmaid's Tale",8.3,2017,2025,66,2025-04-28,NA
11,"Your Friends & Neighbors",7.8,2025,0,10,2025-04-28,NA
12,"Game of Thrones",9.2,2011,2019,74,2025-04-28,NA
13,"Severance",8.7,2022,0,20,2025-04-28,NA
14,"The Rookie",8,2018,0,144,2025-04-28,NA
15,"The Wheel of Time",7.2,2021,0,24,2025-04-28,NA
16,"The Righteous Gemstones",8.1,2019,2025,36,2025-04-28,NA
17,"1923",8.3,2022,2025,15,2025-04-28,NA
18,"Adolescence",8.2,2025,2025,4,2025-04-28,NA
19,"The Studio",8,2025,0,10,2025-04-28,NA
20,"The Residence",7.8,2025,2025,8,2025-04-28,NA
21,"Wednesday",8,2022,0,16,2025-04-28,NA
22,"Yellowstone",8.6,2018,2024,53,2025-04-28,NA
23,"Étoile",7.3,2025,0,16,2025-04-28,NA
24,"Breaking Bad",9.5,2008,2013,62,2025-04-28,NA
25,"Good American Family",6.2,2025,2025,8,2025-04-28,NA
1,"The Last of Us",8.7,2023,0,17,2025-05-07,NA
2,"You",7.7,2018,2025,50,2025-05-07,NA
3,"Andor",8.4,2022,2025,24,2025-05-07,NA
4,"Black Mirror",8.7,2011,0,33,2025-05-07,NA
5,"The Four Seasons",7.3,2025,2025,8,2025-05-07,NA
6,"MobLand",8.4,2025,0,10,2025-05-07,NA
7,"The White Lotus",8,2021,0,22,2025-05-07,NA
8,"The Eternaut",7.7,2025,0,7,2025-05-07,NA
9,"Ransom Canyon",6.7,2025,0,10,2025-05-07,NA
10,"The Handmaid's Tale",8.3,2017,2025,66,2025-05-07,NA
11,"The Righteous Gemstones",8.1,2019,2025,36,2025-05-07,NA
12,"Your Friends & Neighbors",7.8,2025,0,10,2025-05-07,NA
13,"The Rookie",8,2018,0,144,2025-05-07,NA
14,"The Pitt",8.9,2025,0,16,2025-05-07,NA
15,"Game of Thrones",9.2,2011,2019,74,2025-05-07,NA
16,"Severance",8.7,2022,0,20,2025-05-07,NA
17,"Étoile",7.3,2025,0,16,2025-05-07,NA
18,"The Studio",8,2025,0,11,2025-05-07,NA
19,"Breaking Bad",9.5,2008,2013,62,2025-05-07,NA
20,"Daredevil: Born Again",8.2,2025,0,17,2025-05-07,NA
21,"9-1-1",7.9,2018,0,142,2025-05-07,NA
22,"Yellowstone",8.6,2018,2024,53,2025-05-07,NA
23,"Adolescence",8.2,2025,2025,4,2025-05-07,NA
24,"1923",8.3,2022,2025,15,2025-05-07,NA
25,"Doctor Who",6,2023,0,21,2025-05-07,NA
1,"The Last of Us",8.7,2023,0,17,2025-05-13,NA
2,"Andor",8.4,2022,2025,24,2025-05-13,NA
3,"The Four Seasons",7.3,2025,2025,8,2025-05-13,NA
4,"Black Mirror",8.7,2011,0,33,2025-05-13,NA
5,"MobLand",8.4,2025,0,10,2025-05-13,NA
6,"You",7.7,2018,2025,50,2025-05-13,NA
7,"The Eternaut",7.6,2025,0,7,2025-05-13,NA
8,"The White Lotus",8,2021,0,22,2025-05-13,NA
9,"Poker Face",7.8,2023,0,22,2025-05-13,NA
10,"The Handmaid's Tale",8.3,2017,2025,66,2025-05-13,NA
11,"Your Friends & Neighbors",7.8,2025,0,10,2025-05-13,NA
12,"The Righteous Gemstones",8.1,2019,2025,36,2025-05-13,NA
13,"The Rookie",8,2018,0,144,2025-05-13,NA
14,"Game of Thrones",9.2,2011,2019,74,2025-05-13,NA
15,"The Pitt",8.9,2025,0,16,2025-05-13,NA
16,"Severance",8.7,2022,0,20,2025-05-13,NA
17,"The Studio",8,2025,0,11,2025-05-13,NA
18,"Ransom Canyon",6.8,2025,0,10,2025-05-13,NA
19,"Breaking Bad",9.5,2008,2013,62,2025-05-13,NA
20,"Yellowstone",8.6,2018,2024,53,2025-05-13,NA
21,"Grey's Anatomy",7.6,2005,0,466,2025-05-13,NA
22,"9-1-1",7.9,2018,0,142,2025-05-13,NA
23,"Doctor Who",6.2,2023,0,21,2025-05-13,NA
24,"Criminal Minds",8.1,2005,0,355,2025-05-13,NA
25,"Hacks",8.2,2021,0,37,2025-05-13,NA
1,"Andor",8.5,2022,2025,24,2025-05-19,NA
2,"The Last of Us",8.6,2023,0,17,2025-05-19,NA
3,"MobLand",8.4,2025,0,10,2025-05-19,NA
4,"The Four Seasons",7.2,2025,2025,9,2025-05-19,NA
5,"Love, Death & Robots",8.4,2019,0,45,2025-05-19,NA
6,"Black Mirror",8.7,2011,0,33,2025-05-19,NA
7,"The Handmaid's Tale",8.3,2017,2025,66,2025-05-19,NA
8,"Murderbot",7.4,2025,0,10,2025-05-19,NA
9,"Your Friends & Neighbors",7.8,2025,0,10,2025-05-19,NA
10,"Poker Face",7.8,2023,0,22,2025-05-19,NA
11,"You",7.7,2018,2025,50,2025-05-19,NA
12,"The White Lotus",8,2021,0,22,2025-05-19,NA
13,"The Rookie",8,2018,0,144,2025-05-19,NA
14,"Bad Thoughts",6.3,2025,0,6,2025-05-19,NA
15,"Game of Thrones",9.2,2011,2019,74,2025-05-19,NA
16,"The Eternaut",7.5,2025,0,7,2025-05-19,NA
17,"Duster",6.8,2025,0,8,2025-05-19,NA
18,"The Studio",8,2025,0,11,2025-05-19,NA
19,"The Righteous Gemstones",8.1,2019,2025,36,2025-05-19,NA
20,"Overcompensating",7.7,2025,0,8,2025-05-19,NA
21,"Secrets We Keep",7,2025,2025,6,2025-05-19,NA
22,"The Pitt",8.9,2025,0,16,2025-05-19,NA
23,"Hacks",8.2,2021,0,37,2025-05-19,NA
24,"Severance",8.7,2022,0,20,2025-05-19,NA
25,"Breaking Bad",9.5,2008,2013,62,2025-05-19,NA
1,"The Last of Us",8.6,2023,0,17,2025-05-28,NA
2,"Sirens",6.9,2025,2025,5,2025-05-28,NA
3,"Andor",8.5,2022,2025,24,2025-05-28,NA
4,"MobLand",8.5,2025,0,10,2025-05-28,NA
5,"The Handmaid's Tale",8.3,2017,2025,66,2025-05-28,NA
6,"Your Friends & Neighbors",7.8,2025,0,10,2025-05-28,NA
7,"Love, Death & Robots",8.4,2019,0,45,2025-05-28,NA
8,"The Four Seasons",7.2,2025,2026,9,2025-05-28,NA
9,"The White Lotus",8,2021,0,22,2025-05-28,NA
10,"Black Mirror",8.7,2011,0,33,2025-05-28,NA
11,"Murderbot",7.3,2025,0,10,2025-05-28,NA
12,"Nine Perfect Strangers",7,2021,0,16,2025-05-28,NA
13,"Game of Thrones",9.2,2011,2019,74,2025-05-28,NA
14,"Secrets We Keep",7,2025,2025,6,2025-05-28,NA
15,"Overcompensating",7.8,2025,0,8,2025-05-28,NA
16,"Poker Face",7.8,2023,0,22,2025-05-28,NA
17,"The Rookie",8,2018,0,144,2025-05-28,NA
18,"The Studio",8.1,2025,0,11,2025-05-28,NA
19,"You",7.7,2018,2025,50,2025-05-28,NA
20,"Hacks",8.2,2021,0,38,2025-05-28,NA
21,"Bet",6.2,2025,0,10,2025-05-28,NA
22,"Duster",7,2025,0,8,2025-05-28,NA
23,"Doctor Who",6.2,2023,0,21,2025-05-28,NA
24,"Breaking Bad",9.5,2008,2013,62,2025-05-28,NA
25,"Severance",8.7,2022,0,20,2025-05-28,NA
1,"The Last of Us",8.6,2023,0,17,2025-06-03,NA
2,"Dept. Q",8.3,2025,0,9,2025-06-03,NA
3,"Sirens",6.8,2025,2025,5,2025-06-03,NA
4,"MobLand",8.5,2025,0,10,2025-06-03,NA
5,"Andor",8.5,2022,2025,24,2025-06-03,NA
6,"The Better Sister",7,2025,2025,8,2025-06-03,NA
7,"Your Friends & Neighbors",7.8,2025,0,10,2025-06-03,NA
8,"The Handmaid's Tale",8.3,2017,2025,66,2025-06-03,NA
9,"The White Lotus",8,2021,0,22,2025-06-03,NA
10,"Stranger Things",8.6,2016,2025,42,2025-06-03,NA
11,"Game of Thrones",9.2,2011,2019,74,2025-06-03,NA
12,"Doctor Who",6.2,2023,0,21,2025-06-03,NA
13,"Black Mirror",8.7,2011,0,33,2025-06-03,NA
14,"Poker Face",7.8,2023,0,22,2025-06-03,NA
15,"Murderbot",7.3,2025,0,10,2025-06-03,NA
16,"The Rookie",8,2018,0,144,2025-06-03,NA
17,"Nine Perfect Strangers",7,2021,0,16,2025-06-03,NA
18,"Adults",7,2025,0,8,2025-06-03,NA
19,"Rick and Morty",9.1,2013,0,85,2025-06-03,NA
20,"The Four Seasons",7.2,2025,2026,9,2025-06-03,NA
21,"Hacks",8.2,2021,0,38,2025-06-03,NA
22,"Overcompensating",7.8,2025,0,8,2025-06-03,NA
23,"Breaking Bad",9.5,2008,2013,62,2025-06-03,NA
24,"Duster",7,2025,0,8,2025-06-03,NA
25,"Severance",8.7,2022,0,20,2025-06-03,NA
1,"Dept. Q",8.3,2025,0,9,2025-06-11,NA
2,"The Last of Us",8.6,2023,0,17,2025-06-11,NA
3,"Ginny & Georgia",7.5,2021,0,31,2025-06-11,NA
4,"MobLand",8.4,2025,0,10,2025-06-11,NA
5,"The Better Sister",7,2025,2025,8,2025-06-11,NA
6,"Sirens",6.8,2025,2025,5,2025-06-11,NA
7,"Andor",8.5,2022,2025,24,2025-06-11,NA
8,"Stick",7.4,2025,0,10,2025-06-11,NA
9,"Alien: Earth",NA,2025,0,8,2025-06-11,NA
10,"Tires",7.4,2024,2025,18,2025-06-11,NA
11,"The Survivors",6.6,2025,2025,6,2025-06-11,NA
12,"Your Friends & Neighbors",7.7,2025,0,10,2025-06-11,NA
13,"Stranger Things",8.6,2016,2025,42,2025-06-11,NA
14,"Game of Thrones",9.2,2011,2019,74,2025-06-11,NA
15,"The White Lotus",8,2021,0,22,2025-06-11,NA
16,"The Handmaid's Tale",8.3,2017,2025,66,2025-06-11,NA
17,"Black Mirror",8.7,2011,0,33,2025-06-11,NA
18,"Murderbot",7.3,2025,0,10,2025-06-11,NA
19,"Poker Face",7.8,2023,0,22,2025-06-11,NA
20,"The Rookie",8,2018,0,144,2025-06-11,NA
21,"Rick and Morty",9.1,2013,0,85,2025-06-11,NA
22,"Adults",7.4,2025,0,8,2025-06-11,NA
23,"Breaking Bad",9.5,2008,2013,62,2025-06-11,NA
24,"Mercy for None",7.7,2025,2025,7,2025-06-11,NA
25,"Severance",8.7,2022,0,20,2025-06-11,NA
1,"Dept. Q",8.3,2025,0,9,2025-06-17,NA
2,"Ginny & Georgia",7.5,2021,0,31,2025-06-17,NA
3,"MobLand",8.4,2025,0,10,2025-06-17,NA
4,"The Last of Us",8.6,2023,0,17,2025-06-17,NA
5,"Tires",7.5,2024,2025,18,2025-06-17,NA
6,"Stick",7.1,2025,0,10,2025-06-17,NA
7,"Andor",8.5,2022,2025,24,2025-06-17,NA
8,"The Better Sister",7,2025,2025,8,2025-06-17,NA
9,"FUBAR",6.5,2023,0,16,2025-06-17,NA
10,"The Survivors",6.6,2025,2025,6,2025-06-17,NA
11,"Sirens",6.8,2025,2025,5,2025-06-17,NA
12,"Game of Thrones",9.2,2011,2019,74,2025-06-17,NA
13,"The White Lotus",8,2021,0,22,2025-06-17,NA
14,"Stranger Things",8.6,2016,2025,42,2025-06-17,NA
15,"Poker Face",7.8,2023,0,22,2025-06-17,NA
16,"Murderbot",7.3,2025,0,10,2025-06-17,NA
17,"The Rookie",8,2018,0,144,2025-06-17,NA
18,"Black Mirror",8.7,2011,0,33,2025-06-17,NA
19,"Your Friends & Neighbors",7.7,2025,0,10,2025-06-17,NA
20,"The Handmaid's Tale",8.3,2017,2025,66,2025-06-17,NA
21,"Rick and Morty",9.1,2013,0,85,2025-06-17,NA
22,"Revival",7.6,2025,0,6,2025-06-17,NA
23,"Breaking Bad",9.5,2008,2013,62,2025-06-17,NA
24,"Animal Kingdom",8.2,2016,2022,75,2025-06-17,NA
25,"Yellowstone",8.6,2018,2024,53,2025-06-17,NA
1,"The Waterfront",6.9,2025,0,8,2025-06-23,NA
2,"Dept. Q",8.3,2025,0,9,2025-06-23,NA
3,"We Were Liars",6.4,2025,0,8,2025-06-23,NA
4,"Ginny & Georgia",7.5,2021,0,31,2025-06-23,NA
5,"MobLand",8.4,2025,0,11,2025-06-23,NA
6,"The Last of Us",8.6,2023,0,17,2025-06-23,NA
7,"Andor",8.5,2022,2025,24,2025-06-23,NA
8,"FUBAR",6.5,2023,0,16,2025-06-23,NA
9,"Game of Thrones",9.2,2011,2019,74,2025-06-23,NA
10,"Stick",7,2025,0,10,2025-06-23,NA
11,"Olympo",5.7,2025,2025,8,2025-06-23,NA
12,"The Rookie",8,2018,0,144,2025-06-23,NA
13,"Tires",7.5,2024,2025,18,2025-06-23,NA
14,"Poker Face",7.8,2023,0,22,2025-06-23,NA
15,"The Better Sister",7,2025,2025,8,2025-06-23,NA
16,"The White Lotus",8,2021,0,22,2025-06-23,NA
17,"Sirens",6.7,2025,2025,5,2025-06-23,NA
18,"Animal Kingdom",8.2,2016,2022,75,2025-06-23,NA
19,"Murderbot",7.3,2025,0,10,2025-06-23,NA
20,"Black Mirror",8.7,2011,0,33,2025-06-23,NA
21,"Stranger Things",8.6,2016,2025,42,2025-06-23,NA
22,"Rick and Morty",9.1,2013,0,85,2025-06-23,NA
23,"Breaking Bad",9.5,2008,2013,62,2025-06-23,NA
24,"The Survivors",6.6,2025,2025,6,2025-06-23,NA
25,"The Handmaid's Tale",8.3,2017,2025,66,2025-06-23,NA
1,"Squid Game",8,2021,2025,22,2025-07-02,NA
2,"The Bear",8.5,2022,0,39,2025-07-02,NA
3,"The Waterfront",7,2025,0,8,2025-07-02,NA
4,"Ironheart",3.7,2025,2025,6,2025-07-02,NA
5,"Countdown",7,2025,0,13,2025-07-02,NA
6,"Dept. Q",8.2,2025,0,9,2025-07-02,NA
7,"We Were Liars",6.6,2025,0,8,2025-07-02,NA
8,"Smoke",6.4,2025,0,9,2025-07-02,NA
9,"MobLand",8.4,2025,0,11,2025-07-02,NA
10,"Game of Thrones",9.2,2011,2019,74,2025-07-02,NA
11,"Andor",8.5,2022,2025,24,2025-07-02,NA
12,"The Last of Us",8.6,2023,0,17,2025-07-02,NA
13,"Ginny & Georgia",7.5,2021,0,31,2025-07-02,NA
14,"The Rookie",8,2018,0,144,2025-07-02,NA
15,"Stick",6.9,2025,0,10,2025-07-02,NA
16,"Animal Kingdom",8.2,2016,2022,75,2025-07-02,NA
17,"Poker Face",7.8,2023,0,22,2025-07-02,NA
18,"The Gilded Age",8.1,2022,0,25,2025-07-02,NA
19,"The White Lotus",8,2021,0,22,2025-07-02,NA
20,"Breaking Bad",9.5,2008,2013,62,2025-07-02,NA
21,"Murderbot",7.3,2025,0,10,2025-07-02,NA
22,"Stranger Things",8.6,2016,2025,42,2025-07-02,NA
23,"Black Mirror",8.7,2011,0,33,2025-07-02,NA
24,"Rick and Morty",9.1,2013,0,85,2025-07-02,NA
25,"Olympo",5.9,2025,2025,8,2025-07-02,NA
1,"Squid Game",8,2021,2025,22,2025-07-08,NA
2,"The Bear",8.5,2022,0,39,2025-07-08,NA
3,"The Sandman",7.7,2022,2025,23,2025-07-08,NA
4,"Ironheart",4.2,2025,2025,6,2025-07-08,NA
5,"The Waterfront",7,2025,0,8,2025-07-08,NA
6,"Dept. Q",8.2,2025,0,9,2025-07-08,NA
7,"Countdown",6.8,2025,0,13,2025-07-08,NA
8,"We Were Liars",6.7,2025,0,8,2025-07-08,NA
9,"Smoke",6.3,2025,0,9,2025-07-08,NA
10,"MobLand",8.4,2025,0,11,2025-07-08,NA
11,"Game of Thrones",9.2,2011,2019,74,2025-07-08,NA
12,"Murderbot",7.4,2025,0,10,2025-07-08,NA
13,"The Last of Us",8.6,2023,0,17,2025-07-08,NA
14,"Andor",8.5,2022,2025,24,2025-07-08,NA
15,"Animal Kingdom",8.2,2016,2022,75,2025-07-08,NA
16,"The Rookie",8,2018,0,144,2025-07-08,NA
17,"Poker Face",7.8,2023,0,22,2025-07-08,NA
18,"Breaking Bad",9.5,2008,2013,62,2025-07-08,NA
19,"Stick",6.9,2025,0,10,2025-07-08,NA
20,"The Gilded Age",8.1,2022,0,25,2025-07-08,NA
21,"The White Lotus",8,2021,0,22,2025-07-08,NA
22,"Stranger Things",8.6,2016,2025,42,2025-07-08,NA
23,"Duster",7.3,2025,0,8,2025-07-08,NA
24,"Rick and Morty",9.1,2013,0,85,2025-07-08,NA
25,"Ginny & Georgia",7.5,2021,0,31,2025-07-08,NA
1,"Dexter: Resurrection",9.2,2025,0,10,2025-07-14,NA
2,"Ballard",7.7,2025,0,10,2025-07-14,NA
3,"The Sandman",7.7,2022,2025,23,2025-07-14,NA
4,"Squid Game",8,2021,2025,22,2025-07-14,NA
5,"The Bear",8.5,2022,0,39,2025-07-14,NA
6,"Too Much",6.2,2025,2025,10,2025-07-14,NA
7,"The Waterfront",7,2025,0,8,2025-07-14,NA
8,"Ironheart",4.3,2025,2025,6,2025-07-14,NA
9,"Dept. Q",8.2,2025,0,9,2025-07-14,NA
10,"Game of Thrones",9.2,2011,2019,74,2025-07-14,NA
11,"Foundation",7.6,2021,0,30,2025-07-14,NA
12,"Countdown",6.8,2025,0,13,2025-07-14,NA
13,"Murderbot",7.4,2025,0,11,2025-07-14,NA
14,"MobLand",8.4,2025,0,11,2025-07-14,NA
15,"We Were Liars",6.7,2025,0,8,2025-07-14,NA
16,"Sullivan's Crossing",7.2,2023,0,30,2025-07-14,NA
17,"Dexter",8.6,2006,2013,96,2025-07-14,NA
18,"Poker Face",7.8,2023,0,22,2025-07-14,NA
19,"Smoke",6.3,2025,0,9,2025-07-14,NA
20,"The Rookie",8,2018,0,144,2025-07-14,NA
21,"Breaking Bad",9.5,2008,2013,62,2025-07-14,NA
22,"Stick",6.9,2025,0,10,2025-07-14,NA
23,"The Gilded Age",8.1,2022,0,25,2025-07-14,NA
24,"It's Always Sunny in Philadelphia",8.8,2005,0,179,2025-07-14,NA
25,"Andor",8.6,2022,2025,24,2025-07-14,NA
1,"Untamed",7.2,2025,2025,6,2025-07-28,NA
2,"Dexter: Resurrection",9.2,2025,0,10,2025-07-28,NA
3,"The Hunting Wives",6.8,2025,0,8,2025-07-28,NA
4,"The Sandman",7.7,2022,2025,23,2025-07-28,NA
5,"Ballard",7.6,2025,0,10,2025-07-28,NA
6,"South Park",8.7,1997,0,328,2025-07-28,NA
7,"Game of Thrones",9.2,2011,2019,74,2025-07-28,NA
8,"The Assassin",6.3,2025,0,6,2025-07-28,NA
9,"The Bear",8.5,2022,0,39,2025-07-28,NA
10,"The Summer I Turned Pretty",7.3,2022,2025,26,2025-07-28,NA
11,"Star Trek: Strange New Worlds",8.3,2022,0,46,2025-07-28,NA
12,"Stranger Things",8.6,2016,2025,42,2025-07-28,NA
13,"Dept. Q",8.2,2025,0,9,2025-07-28,NA
14,"Dexter",8.6,2006,2013,96,2025-07-28,NA
15,"The Gilded Age",8.1,2022,0,25,2025-07-28,NA
16,"Breaking Bad",9.5,2008,2013,62,2025-07-28,NA
17,"Foundation",7.6,2021,0,30,2025-07-28,NA
18,"Squid Game",8,2021,2025,22,2025-07-28,NA
19,"MobLand",8.4,2025,0,11,2025-07-28,NA
20,"The Rookie",8,2018,0,144,2025-07-28,NA
21,"Stick",7.2,2025,0,11,2025-07-28,NA
22,"Smoke",6.4,2025,0,9,2025-07-28,NA
23,"The Last of Us",8.5,2023,0,17,2025-07-28,NA
24,"Too Much",6.3,2025,2025,10,2025-07-28,NA
25,"Peacemaker",8.3,2022,0,16,2025-07-28,NA
1,"The Hunting Wives",6.9,2025,0,8,2025-08-04,NA
2,"Dexter: Resurrection",9.2,2025,0,10,2025-08-04,NA
3,"Untamed",7.2,2025,0,7,2025-08-04,NA
4,"Chief of War",7.9,2025,0,9,2025-08-04,NA
5,"Leanne",7,2025,0,16,2025-08-04,NA
6,"The Sandman",7.7,2022,2025,23,2025-08-04,NA
7,"Game of Thrones",9.2,2011,2019,74,2025-08-04,NA
8,"Twisted Metal",7.3,2023,0,22,2025-08-04,NA
9,"Wednesday",8,2022,0,17,2025-08-04,NA
10,"The Assassin",6.4,2025,0,6,2025-08-04,NA
11,"Dexter",8.6,2006,2013,96,2025-08-04,NA
12,"The Summer I Turned Pretty",7.3,2022,2025,26,2025-08-04,NA
13,"Star Trek: Strange New Worlds",8.3,2022,0,46,2025-08-04,NA
14,"The Gilded Age",8.1,2022,0,26,2025-08-04,NA
15,"The Bear",8.5,2022,0,39,2025-08-04,NA
16,"And Just Like That...",5.6,2021,2025,33,2025-08-04,NA
17,"Ballard",7.6,2025,0,10,2025-08-04,NA
18,"Smoke",6.5,2025,0,9,2025-08-04,NA
19,"Dept. Q",8.2,2025,0,9,2025-08-04,NA
20,"Stranger Things",8.6,2016,2025,42,2025-08-04,NA
21,"Breaking Bad",9.5,2008,2013,62,2025-08-04,NA
22,"Foundation",7.6,2021,0,30,2025-08-04,NA
23,"South Park",8.7,1997,0,328,2025-08-04,NA
24,"MobLand",8.4,2025,0,11,2025-08-04,NA
25,"Takopii no Genzai",9.2,2025,2025,6,2025-08-04,NA
1,"Wednesday",8,2022,0,17,2025-08-11,NA
2,"Dexter: Resurrection",9.2,2025,0,10,2025-08-11,NA
3,"The Hunting Wives",6.9,2025,0,8,2025-08-11,NA
4,"Untamed",7.2,2025,0,7,2025-08-11,NA
5,"The Paper",NA,2025,0,10,2025-08-11,NA
6,"Chief of War",7.8,2025,0,9,2025-08-11,NA
7,"Leanne",7.1,2025,0,16,2025-08-11,NA
8,"The Summer I Turned Pretty",7.3,2022,2025,26,2025-08-11,NA
9,"Game of Thrones",9.2,2011,2019,74,2025-08-11,NA
10,"Alien: Earth",8.8,2025,0,8,2025-08-11,NA
11,"Outlander: Blood of My Blood",8.6,2025,0,11,2025-08-11,NA
12,"The Gilded Age",8.1,2022,0,26,2025-08-11,NA
13,"The Sandman",7.7,2022,2025,23,2025-08-11,NA
14,"King of the Hill",7.6,1997,0,278,2025-08-11,NA
15,"Dexter",8.6,2006,2013,96,2025-08-11,NA
16,"Twisted Metal",7.3,2023,0,22,2025-08-11,NA
17,"Smoke",6.6,2025,0,9,2025-08-11,NA
18,"Breaking Bad",9.5,2008,2013,62,2025-08-11,NA
19,"Star Trek: Strange New Worlds",8.3,2022,0,46,2025-08-11,NA
20,"South Park",8.7,1997,0,328,2025-08-11,NA
21,"Foundation",7.6,2021,0,30,2025-08-11,NA
22,"The Bear",8.5,2022,0,39,2025-08-11,NA
23,"Dept. Q",8.2,2025,0,9,2025-08-11,NA
24,"MobLand",8.4,2025,0,11,2025-08-11,NA
25,"Stranger Things",8.6,2016,2025,42,2025-08-11,NA
1,"Wednesday",8,2022,NA,17,2025-08-18,NA
2,"Alien: Earth",7.8,2025,NA,8,2025-08-18,NA
3,"Dexter: Resurrection",9.2,2025,NA,10,2025-08-18,NA
4,"Butterfly",6.8,2025,NA,6,2025-08-18,NA
5,"The Hunting Wives",6.9,2025,NA,8,2025-08-18,NA
6,"Untamed",7.2,2025,NA,7,2025-08-18,NA
7,"The Gilded Age",8.1,2022,NA,26,2025-08-18,NA
8,"The Summer I Turned Pretty",7.3,2022,2025,26,2025-08-18,NA
9,"Game of Thrones",9.2,2011,2019,74,2025-08-18,NA
10,"Smoke",6.6,2025,NA,9,2025-08-18,NA
11,"Dexter",8.6,2006,2013,96,2025-08-18,NA
12,"Chief of War",7.7,2025,NA,9,2025-08-18,NA
13,"The Rainmaker",6.5,2025,NA,10,2025-08-18,NA
14,"Breaking Bad",9.5,2008,2013,62,2025-08-18,NA
15,"Twisted Metal",7.3,2023,NA,22,2025-08-18,NA
16,"Foundation",7.6,2021,NA,30,2025-08-18,NA
17,"Peacemaker",8.3,2022,NA,16,2025-08-18,NA
18,"The Sandman",7.7,2022,2025,23,2025-08-18,NA
19,"Star Trek: Strange New Worlds",8.3,2022,NA,46,2025-08-18,NA
20,"Stranger Things",8.6,2016,2025,42,2025-08-18,NA
21,"Outlander: Blood of My Blood",8.3,2025,NA,11,2025-08-18,NA
22,"Dept. Q",8.2,2025,NA,9,2025-08-18,NA
23,"The Rookie",8,2018,NA,144,2025-08-18,NA
24,"MobLand",8.4,2025,NA,11,2025-08-18,NA
25,"And Just Like That...",5.6,2021,2025,33,2025-08-18,NA
1,"Alien: Earth",7.6,2025,NA,8,2025-08-25,NA
2,"Dexter: Resurrection",9.2,2025,NA,10,2025-08-25,NA
3,"Hostage",6.5,2025,2025,5,2025-08-25,NA
4,"Wednesday",8,2022,NA,17,2025-08-25,NA
5,"Peacemaker",8.3,2022,NA,16,2025-08-25,NA
6,"Fallout",8.3,2024,NA,17,2025-08-25,NA
7,"The Summer I Turned Pretty",7.3,2022,2025,26,2025-08-25,NA
8,"Butterfly",6.8,2025,NA,6,2025-08-25,NA
9,"Game of Thrones",9.2,2011,2019,74,2025-08-25,NA
10,"Dexter",8.6,2006,2013,96,2025-08-25,NA
11,"The Hunting Wives",6.9,2025,NA,8,2025-08-25,NA
12,"Untamed",7.2,2025,NA,7,2025-08-25,NA
13,"Foundation",7.6,2021,NA,30,2025-08-25,NA
14,"Breaking Bad",9.5,2008,2013,62,2025-08-25,NA
15,"Chief of War",7.6,2025,NA,9,2025-08-25,NA
16,"Twisted Metal",7.3,2023,NA,22,2025-08-25,NA
17,"The Rainmaker",6.5,2025,NA,10,2025-08-25,NA
18,"Invasion",6.2,2021,2025,30,2025-08-25,NA
19,"It's Always Sunny in Philadelphia",8.8,2005,NA,178,2025-08-25,NA
20,"The Gilded Age",8.1,2022,NA,26,2025-08-25,NA
21,"The Pitt",8.9,2025,NA,25,2025-08-25,NA
22,"Dept. Q",8.2,2025,NA,10,2025-08-25,NA
23,"Stranger Things",8.6,2016,2025,42,2025-08-25,NA
24,"Star Trek: Strange New Worlds",8.3,2022,NA,46,2025-08-25,NA
25,"The Twisted Tale of Amanda Knox",5.7,2025,2025,8,2025-08-25,NA
1,"Dexter: Resurrection",9.2,2025,NA,10,2025-09-01,NA
2,"Alien: Earth",7.6,2025,NA,8,2025-09-01,NA
3,"Wednesday",8,2022,NA,17,2025-09-01,NA
4,"The Terminal List: Dark Wolf",8,2025,NA,7,2025-09-01,NA
5,"Peacemaker",8.3,2022,NA,16,2025-09-01,NA
6,"Hostage",6.5,2025,2025,5,2025-09-01,NA
7,"The Summer I Turned Pretty",7.3,2022,2025,26,2025-09-01,NA
8,"My Life with the Walter Boys",6.9,2023,NA,24,2025-09-01,NA
9,"Dexter",8.6,2006,2013,96,2025-09-01,NA
10,"Game of Thrones",9.2,2011,2019,74,2025-09-01,NA
11,"Chad Powers",NA,2025,NA,6,2025-09-01,NA
12,"King & Conqueror",5.3,2025,NA,8,2025-09-01,NA
13,"Breaking Bad",9.5,2008,2013,62,2025-09-01,NA
14,"Foundation",7.6,2021,NA,30,2025-09-01,NA
15,"The Terminal List",7.9,2022,NA,9,2025-09-01,NA
16,"Fallout",8.3,2024,NA,17,2025-09-01,NA
17,"Twisted Metal",7.3,2023,NA,22,2025-09-01,NA
18,"Two Graves",6.3,2025,2025,3,2025-09-01,NA
19,"Untamed",7.2,2025,NA,7,2025-09-01,NA
20,"Star Trek: Strange New Worlds",8.3,2022,NA,46,2025-09-01,NA
21,"Dept. Q",8.2,2025,NA,10,2025-09-01,NA
22,"The Hunting Wives",6.9,2025,NA,8,2025-09-01,NA
23,"Butterfly",6.7,2025,NA,6,2025-09-01,NA
24,"Stranger Things",8.6,2016,2025,42,2025-09-01,NA
25,"Chief of War",7.6,2025,NA,9,2025-09-01,NA
1,"Wednesday",8,2022,NA,17,2025-09-08,NA
2,"Dexter: Resurrection",9.2,2025,NA,11,2025-09-08,NA
3,"Alien: Earth",7.6,2025,NA,8,2025-09-08,NA
4,"The Paper",7,2025,NA,11,2025-09-08,NA
5,"The Terminal List: Dark Wolf",7.9,2025,NA,7,2025-09-08,NA
6,"Peacemaker",8.3,2022,NA,16,2025-09-08,NA
7,"The Summer I Turned Pretty",7.3,2022,2025,26,2025-09-08,NA
8,"Dexter",8.6,2006,2013,96,2025-09-08,NA
9,"Game of Thrones",9.2,2011,2019,74,2025-09-08,NA
10,"My Life with the Walter Boys",6.9,2023,NA,24,2025-09-08,NA
11,"Hostage",6.5,2025,2025,5,2025-09-08,NA
12,"Breaking Bad",9.5,2008,2013,62,2025-09-08,NA
13,"Foundation",7.6,2021,NA,30,2025-09-08,NA
14,"NCIS: Tony & Ziva",7.5,2025,NA,10,2025-09-08,NA
15,"Task",7.7,2025,2025,7,2025-09-08,NA
16,"Countdown",6.8,2025,NA,13,2025-09-08,NA
17,"Stranger Things",8.6,2016,2025,42,2025-09-08,NA
18,"The Terminal List",7.9,2022,NA,8,2025-09-08,NA
19,"Star Trek: Strange New Worlds",8.3,2022,NA,46,2025-09-08,NA
20,"The Rookie",8,2018,NA,144,2025-09-08,NA
21,"Yellowstone",8.6,2018,2024,53,2025-09-08,NA
22,"Chief of War",7.6,2025,NA,9,2025-09-08,NA
23,"The Runarounds",7.5,2025,NA,8,2025-09-08,NA
24,"The Guest",6.8,2025,2025,4,2025-09-08,NA
25,"MobLand",8.4,2025,NA,11,2025-09-08,NA
1,"Wednesday",8,2022,NA,17,2025-09-15,NA
2,"Task",7.6,2025,2025,7,2025-09-15,NA
3,"Alien: Earth",7.6,2025,NA,8,2025-09-15,NA
4,"The Girlfriend",7.1,2025,NA,6,2025-09-15,NA
5,"Dexter: Resurrection",9.2,2025,NA,11,2025-09-15,NA
6,"Only Murders in the Building",8.1,2021,NA,50,2025-09-15,NA
7,"Peacemaker",8.3,2022,NA,16,2025-09-15,NA
8,"The Terminal List: Dark Wolf",7.9,2025,NA,7,2025-09-15,NA
9,"The Summer I Turned Pretty",7.3,2022,2025,26,2025-09-15,NA
10,"The Paper",7.1,2025,NA,11,2025-09-15,NA
11,"Foundation",7.6,2021,NA,31,2025-09-15,NA
12,"Dexter",8.6,2006,2013,96,2025-09-15,NA
13,"Game of Thrones",9.2,2011,2019,74,2025-09-15,NA
14,"Star Trek: Strange New Worlds",8.3,2022,NA,46,2025-09-15,NA
15,"Breaking Bad",9.5,2008,2013,62,2025-09-15,NA
16,"Demon Slayer: Kimetsu no Yaiba",8.6,2019,2024,63,2025-09-15,NA
17,"Downton Abbey",8.7,2010,2015,52,2025-09-15,NA
18,"Chief of War",7.5,2025,NA,9,2025-09-15,NA
19,"Stranger Things",8.6,2016,2025,42,2025-09-15,NA
20,"The Rookie",8,2018,NA,144,2025-09-15,NA
21,"Slow Horses",8.3,2022,NA,38,2025-09-15,NA
22,"Hostage",6.5,2025,2025,5,2025-09-15,NA
23,"The Dead Girls",6.7,2025,2025,6,2025-09-15,NA
24,"The Hunting Wives",6.9,2025,NA,9,2025-09-15,NA
25,"The White Lotus",8,2021,NA,22,2025-09-15,NA
1,"Black Rabbit",7.2,2025,2025,8,2025-09-22,NA
2,"The Ba***ds of Bollywood",7.8,2025,NA,7,2025-09-22,NA
3,"Wednesday",8,2022,NA,17,2025-09-22,NA
4,"Alien: Earth",7.5,2025,NA,8,2025-09-22,NA
5,"Task",7.7,2025,2025,7,2025-09-22,NA
6,"Gen V",7.6,2023,NA,16,2025-09-22,NA
7,"The Summer I Turned Pretty",7.3,2022,2025,26,2025-09-22,NA
8,"The Girlfriend",7.2,2025,NA,6,2025-09-22,NA
9,"Peacemaker",8.3,2022,NA,16,2025-09-22,NA
10,"Only Murders in the Building",8.1,2021,NA,50,2025-09-22,NA
11,"El refugio atómico",5.3,2025,2025,8,2025-09-22,NA
12,"Adolescence",8.1,2025,2025,4,2025-09-22,NA
13,"The Pitt",8.9,2025,NA,30,2025-09-22,NA
14,"The Terminal List: Dark Wolf",7.8,2025,NA,7,2025-09-22,NA
15,"Dexter: Resurrection",9.1,2025,NA,11,2025-09-22,NA
16,"High Potential",7.6,2024,NA,17,2025-09-22,NA
17,"Dexter",8.6,2006,2013,96,2025-09-22,NA
18,"Haunted Hotel",7.6,2025,NA,10,2025-09-22,NA
19,"Game of Thrones",9.2,2011,2019,74,2025-09-22,NA
20,"The Studio",8.1,2025,NA,11,2025-09-22,NA
21,"Chief of War",7.6,2025,NA,9,2025-09-22,NA
22,"The Morning Show",8.1,2019,NA,41,2025-09-22,NA
23,"Breaking Bad",9.5,2008,2013,62,2025-09-22,NA
24,"Coldwater",6.1,2025,NA,6,2025-09-22,NA
25,"Slow Horses",8.3,2022,NA,38,2025-09-22,NA
1,"Wayward",5.9,2025,2025,8,2025-09-29,NA
2,"House of Guinness",7.4,2025,NA,8,2025-09-29,NA
3,"Black Rabbit",7.3,2025,2025,8,2025-09-29,NA
4,"Alien: Earth",7.3,2025,NA,8,2025-09-29,NA
5,"Alice in Borderland",7.8,2020,NA,22,2025-09-29,NA
6,"Task",7.7,2025,2025,7,2025-09-29,NA
7,"Peacemaker",8.3,2022,NA,16,2025-09-29,NA
8,"Wednesday",8,2022,NA,17,2025-09-29,NA
9,"Marvel Zombies",7.2,2025,2025,4,2025-09-29,NA
10,"Billionaires' Bunker",5.5,2025,2025,8,2025-09-29,NA
11,"Slow Horses",8.3,2022,NA,38,2025-09-29,NA
12,"Gen V",7.6,2023,NA,16,2025-09-29,NA
13,"The Ba***ds of Bollywood",7.7,2025,NA,7,2025-09-29,NA
14,"The Terminal List: Dark Wolf",7.7,2025,NA,7,2025-09-29,NA
15,"Only Murders in the Building",8.1,2021,NA,50,2025-09-29,NA
16,"The Lowdown",6.9,2025,NA,8,2025-09-29,NA
17,"High Potential",7.6,2024,NA,18,2025-09-29,NA
18,"Breaking Bad",9.5,2008,2013,62,2025-09-29,NA
19,"The Girlfriend",7.2,2025,NA,6,2025-09-29,NA
20,"Tulsa King",7.9,2022,NA,29,2025-09-29,NA
21,"Game of Thrones",9.2,2011,2019,74,2025-09-29,NA
22,"The Summer I Turned Pretty",7.3,2022,2025,26,2025-09-29,NA
23,"Dexter",8.6,2006,2013,96,2025-09-29,NA
24,"Dexter: Resurrection",9.1,2025,NA,11,2025-09-29,NA
25,"The Pitt",8.9,2025,NA,30,2025-09-29,NA
1,"Monster",7.8,2022,0,28,2025-10-06,NA
2,"Wayward",5.9,2025,2025,8,2025-10-06,NA
3,"House of Guinness",7.5,2025,0,8,2025-10-06,NA
4,"Peacemaker",8.3,2022,0,16,2025-10-06,NA
5,"Black Rabbit",7.4,2025,2025,8,2025-10-06,NA
6,"Task",7.7,2025,2025,7,2025-10-06,NA
7,"Alice in Borderland",7.8,2020,0,22,2025-10-06,NA
8,"Wednesday",8,2022,0,17,2025-10-06,NA
9,"Slow Horses",8.3,2022,0,38,2025-10-06,NA
10,"Alien: Earth",7.2,2025,0,8,2025-10-06,NA
11,"Gen V",7.6,2023,0,16,2025-10-06,NA
12,"Chad Powers",7.2,2025,0,6,2025-10-06,NA
13,"Only Murders in the Building",8.1,2021,0,50,2025-10-06,NA
14,"Game of Thrones",9.2,2011,2019,74,2025-10-06,NA
15,"Breaking Bad",9.5,2008,2013,62,2025-10-06,NA
16,"Dexter",8.6,2006,2013,96,2025-10-06,NA
17,"Tulsa King",7.9,2022,0,29,2025-10-06,NA
18,"El refugio atómico",5.5,2025,2025,8,2025-10-06,NA
19,"Stranger Things",8.6,2016,2025,42,2025-10-06,NA
20,"The Terminal List: Dark Wolf",7.7,2025,0,7,2025-10-06,NA
21,"High Potential",7.6,2024,0,19,2025-10-06,NA
22,"Marvel Zombies",7.1,2025,2025,4,2025-10-06,NA
23,"The Girlfriend",7.2,2025,0,6,2025-10-06,NA
24,"The Lowdown",6.9,2025,0,8,2025-10-06,NA
25,"Dexter: Resurrection",9.1,2025,0,11,2025-10-06,NA
1,"Monster",7.8,2022,0,28,2025-10-13,NA
2,"Peacemaker",8.3,2022,0,16,2025-10-13,NA
3,"Boots",7.9,2025,0,8,2025-10-13,NA
4,"The Last Frontier",7.2,2025,0,10,2025-10-13,NA
5,"Task",7.8,2025,2025,7,2025-10-13,NA
6,"House of Guinness",7.5,2025,0,8,2025-10-13,NA
7,"Wayward",5.9,2025,2025,8,2025-10-13,NA
8,"Black Rabbit",7.4,2025,2025,8,2025-10-13,NA
9,"Wonder Man",NA,2025,0,8,2025-10-13,NA
10,"A Knight of the Seven Kingdoms",NA,2025,0,6,2025-10-13,NA
11,"Slow Horses",8.3,2022,0,38,2025-10-13,NA
12,"Gen V",7.6,2023,0,16,2025-10-13,NA
13,"Stranger Things",8.6,2016,2025,42,2025-10-13,NA
14,"Wednesday",8,2022,0,17,2025-10-13,NA
15,"Only Murders in the Building",8.1,2021,0,50,2025-10-13,NA
16,"Game of Thrones",9.2,2011,2019,74,2025-10-13,NA
17,"Néro the Assassin",6.7,2025,0,8,2025-10-13,NA
18,"High Potential",7.6,2024,0,19,2025-10-13,NA
19,"9-1-1: Nashville",5.1,2025,0,7,2025-10-13,NA
20,"Dexter",8.6,2006,2013,96,2025-10-13,NA
21,"Breaking Bad",9.5,2008,2013,62,2025-10-13,NA
22,"Tulsa King",7.9,2022,0,30,2025-10-13,NA
23,"Alien: Earth",7.2,2025,0,8,2025-10-13,NA
24,"Chad Powers",7.3,2025,0,6,2025-10-13,NA
25,"Alice in Borderland",7.8,2020,0,22,2025-10-13,NA
1,"Monster",7.8,2022,0,28,2025-10-20,"tt13207736"
2,"Boots",8,2025,0,8,2025-10-20,"tt27987047"
3,"Task",7.9,2025,2025,7,2025-10-20,"tt28013708"
4,"The Diplomat",8,2023,0,23,2025-10-20,"tt17491088"
5,"South Park",8.7,1997,0,334,2025-10-20,"tt0121955"
6,"The Last Frontier",7.1,2025,0,10,2025-10-20,"tt26862142"
7,"Devil in Disguise: John Wayne Gacy",7.8,2025,2025,8,2025-10-20,"tt31314754"
8,"Boston Blue",6.6,2025,0,7,2025-10-20,"tt35826715"
9,"Peacemaker",8.3,2022,0,16,2025-10-20,"tt13146488"
10,"Slow Horses",8.3,2022,0,38,2025-10-20,"tt5875444"
11,"Gen V",7.6,2023,0,16,2025-10-20,"tt13159924"
12,"Stranger Things",8.6,2016,2025,42,2025-10-20,"tt4574334"
13,"House of Guinness",7.5,2025,0,8,2025-10-20,"tt13542714"
14,"Murdaugh: Death in the Family",7.1,2025,2025,8,2025-10-20,"tt19853270"
15,"Wayward",5.9,2025,2025,8,2025-10-20,"tt27427326"
16,"Game of Thrones",9.2,2011,2019,74,2025-10-20,"tt0944947"
17,"Only Murders in the Building",8.1,2021,0,50,2025-10-20,"tt11691774"
18,"Sheriff Country",6.2,2025,0,20,2025-10-20,"tt32268630"
19,"The Chair Company",7.9,2025,0,8,2025-10-20,"tt31987295"
20,"Black Rabbit",7.4,2025,2025,8,2025-10-20,"tt23055142"
21,"High Potential",7.6,2024,0,31,2025-10-20,"tt22091076"
22,"Wednesday",8,2022,0,17,2025-10-20,"tt13443470"
23,"Breaking Bad",9.5,2008,2013,62,2025-10-20,"tt0903747"
24,"Dexter",8.6,2006,2013,96,2025-10-20,"tt0773262"
25,"Tulsa King",7.9,2022,0,30,2025-10-20,"tt16358384"
1,"Task",8,2025,2025,7,2025-11-01,"tt28013708"
2,"Nobody Wants This",7.8,2024,0,20,2025-11-01,"tt26933824"
3,"Monster",7.8,2022,0,28,2025-11-01,"tt13207736"
4,"The Diplomat",8,2023,0,23,2025-11-01,"tt17491088"
5,"Boots",7.9,2025,0,8,2025-11-01,"tt27987047"
6,"Stranger Things",8.6,2016,2025,42,2025-11-01,"tt4574334"
7,"Slow Horses",8.3,2022,0,38,2025-11-01,"tt5875444"
8,"Lazarus",6.2,2025,0,6,2025-11-01,"tt31186865"
9,"Gen V",7.6,2023,0,16,2025-11-01,"tt13159924"
10,"The Last Frontier",7,2025,0,10,2025-11-01,"tt26862142"
11,"It: Welcome to Derry",7.9,2025,0,10,2025-11-01,"tt19244304"
12,"The Monster of Florence",6.4,2025,2025,4,2025-11-01,"tt29457135"
13,"Only Murders in the Building",8.1,2021,0,60,2025-11-01,"tt11691774"
14,"Game of Thrones",9.2,2011,2019,74,2025-11-01,"tt0944947"
15,"Devil in Disguise: John Wayne Gacy",7.6,2025,2025,8,2025-11-01,"tt31314754"
16,"Breaking Bad",9.5,2008,2013,62,2025-11-01,"tt0903747"
17,"House of Guinness",7.5,2025,0,8,2025-11-01,"tt13542714"
18,"Murdaugh: Death in the Family",7.1,2025,2025,8,2025-11-01,"tt19853270"
19,"High Potential",7.6,2024,0,31,2025-11-01,"tt22091076"
20,"Wednesday",8,2022,0,17,2025-11-01,"tt13443470"
21,"Boston Blue",6.3,2025,0,10,2025-11-01,"tt35826715"
22,"Tulsa King",7.9,2022,0,30,2025-11-01,"tt16358384"
23,"Pluribus",NA,2025,0,10,2025-11-01,"tt22202452"
24,"Wayward",5.9,2025,2025,8,2025-11-01,"tt27427326"
25,"South Park",8.7,1997,0,334,2025-11-01,"tt0121955"
26,"Dexter",8.6,2006,2013,96,2025-11-01,"tt0773262"
27,"The Chair Company",7.9,2025,0,8,2025-11-01,"tt31987295"
30,"Sheriff Country",6.2,2025,0,20,2025-11-01,"tt32268630"
31,"Black Rabbit",7.4,2025,2025,8,2025-11-01,"tt23055142"
34,"Peacemaker",8.3,2022,0,16,2025-11-01,"tt13146488"
1,"IT: Welcome to Derry",7.8,2025,0,10,2025-11-03,"tt19244304"
2,"The Witcher",7.9,2019,0,33,2025-11-03,"tt5180504"
3,"Stranger Things",8.6,2016,2025,42,2025-11-03,"tt4574334"
4,"Nobody Wants This",7.8,2024,0,21,2025-11-03,"tt26933824"
5,"South Park",8.7,1997,0,334,2025-11-03,"tt0121955"
6,"Slow Horses",8.3,2022,0,38,2025-11-03,"tt5875444"
7,"Task",8,2025,2025,7,2025-11-03,"tt28013708"
8,"Down Cemetery Road",7.2,2025,0,8,2025-11-03,"tt32132630"
9,"The Asset",7.1,2025,0,6,2025-11-03,"tt33293130"
10,"Monster",7.8,2022,0,28,2025-11-03,"tt13207736"
11,"The Diplomat",8,2023,0,23,2025-11-03,"tt17491088"
12,"Boots",7.9,2025,0,8,2025-11-03,"tt27987047"
13,"Only Murders in the Building",8,2021,0,60,2025-11-03,"tt11691774"
14,"Game of Thrones",9.2,2011,2019,74,2025-11-03,"tt0944947"
15,"The Last Frontier",6.9,2025,0,10,2025-11-03,"tt26862142"
16,"Lazarus",6.2,2025,0,6,2025-11-03,"tt31186865"
17,"High Potential",7.6,2024,0,31,2025-11-03,"tt22091076"
18,"Breaking Bad",9.5,2008,2013,62,2025-11-03,"tt0903747"
19,"Tulsa King",7.9,2022,0,30,2025-11-03,"tt16358384"
20,"Wednesday",8,2022,0,17,2025-11-03,"tt13443470"
21,"Chad Powers",7.6,2025,0,6,2025-11-03,"tt31449991"
22,"Pluribus",9,2025,0,10,2025-11-03,"tt22202452"
23,"Boston Blue",6.3,2025,0,10,2025-11-03,"tt35826715"
24,"Dexter",8.6,2006,2013,96,2025-11-03,"tt0773262"
25,"Murdaugh: Death in the Family",7.1,2025,2025,8,2025-11-03,"tt19853270"
28,"Devil in Disguise: John Wayne Gacy",7.6,2025,2025,8,2025-11-03,"tt31314754"
29,"House of Guinness",7.5,2025,0,8,2025-11-03,"tt13542714"
30,"Gen V",7.6,2023,0,16,2025-11-03,"tt13159924"
31,"The Chair Company",7.9,2025,0,8,2025-11-03,"tt31987295"
35,"Black Rabbit",7.4,2025,2025,8,2025-11-03,"tt23055142"
40,"Wayward",5.9,2025,2025,8,2025-11-03,"tt27427326"
50,"Sheriff Country",6.2,2025,0,20,2025-11-03,"tt32268630"
53,"The Monster of Florence",6.4,2025,2025,4,2025-11-03,"tt29457135"
58,"Peacemaker",8.3,2022,0,16,2025-11-03,"tt13146488"
1,"Pluribus",8.9,2025,0,10,2025-11-10,"tt22202452"
2,"The Witcher",7.9,2019,0,33,2025-11-10,"tt5180504"
3,"IT: Welcome to Derry",7.8,2025,0,10,2025-11-10,"tt19244304"
4,"Stranger Things",8.6,2016,2025,42,2025-11-10,"tt4574334"
5,"All Her Fault",7.7,2025,2025,8,2025-11-10,"tt31314751"
6,"Death by Lightning",7.8,2025,2025,4,2025-11-10,"tt31121364"
7,"All's Fair",2.9,2025,0,9,2025-11-10,"tt30291387"
8,"South Park",8.7,1997,0,334,2025-11-10,"tt0121955"
9,"Slow Horses",8.3,2022,0,38,2025-11-10,"tt5875444"
10,"Nobody Wants This",7.8,2024,0,21,2025-11-10,"tt26933824"
11,"Down Cemetery Road",7.1,2025,0,8,2025-11-10,"tt32132630"
12,"Task",8,2025,2025,7,2025-11-10,"tt28013708"
13,"Game of Thrones",9.2,2011,2019,74,2025-11-10,"tt0944947"
14,"Breaking Bad",9.5,2008,2013,62,2025-11-10,"tt0903747"
15,"The Diplomat",8,2023,0,23,2025-11-10,"tt17491088"
16,"Legenden",7.1,2025,0,6,2025-11-10,"tt33293130"
17,"Robin Hood",6.3,2025,0,11,2025-11-10,"tt33484460"
18,"Monster",7.8,2022,0,28,2025-11-10,"tt13207736"
19,"Tulsa King",7.9,2022,0,30,2025-11-10,"tt16358384"
20,"The Last Frontier",6.9,2025,0,10,2025-11-10,"tt26862142"
21,"High Potential",7.6,2024,0,31,2025-11-10,"tt22091076"
22,"I Love LA",5.6,2025,0,8,2025-11-10,"tt33362589"
23,"Maxton Hall - Die Welt zwischen uns",7.5,2024,0,13,2025-11-10,"tt27792190"
24,"Only Murders in the Building",8,2021,0,60,2025-11-10,"tt11691774"
25,"Boots",7.9,2025,0,8,2025-11-10,"tt27987047"
26,"Lazarus",6.2,2025,0,6,2025-11-10,"tt31186865"
27,"Dexter",8.6,2006,2013,96,2025-11-10,"tt0773262"
31,"Chad Powers",7.6,2025,0,6,2025-11-10,"tt31449991"
34,"Wednesday",8,2022,0,17,2025-11-10,"tt13443470"
35,"The Chair Company",7.9,2025,0,8,2025-11-10,"tt31987295"
36,"Murdaugh: Death in the Family",7.1,2025,2025,8,2025-11-10,"tt19853270"
41,"Black Rabbit",7.4,2025,2025,8,2025-11-10,"tt23055142"
42,"House of Guinness",7.5,2025,0,8,2025-11-10,"tt13542714"
45,"Sheriff Country",6.2,2025,0,20,2025-11-10,"tt32268630"
59,"Boston Blue",6.3,2025,0,10,2025-11-10,"tt35826715"
64,"Gen V",7.6,2023,0,16,2025-11-10,"tt13159924"
67,"Devil in Disguise: John Wayne Gacy",7.6,2025,2025,8,2025-11-10,"tt31314754"
68,"Wayward",5.9,2025,2025,8,2025-11-10,"tt27427326"
74,"Peacemaker",8.3,2022,0,16,2025-11-10,"tt13146488"
185,"The Monster of Florence",6.4,2025,2025,4,2025-11-10,"tt29457135"
